Name of Member,Party Name,Party Full Name,Constituency,State
"Adhalrao Patil,Shri Shivaji",Shiv Sena,Shiv Sena,Shirur,Maharashtra
"Adhikari,Shri Deepak (Dev)",TMC,All India Trinamool Congress,Ghatal,West Bengal
"Adhikari,Shri Sisir Kumar",TMC,All India Trinamool Congress,Kanthi,West Bengal
"Adityanath ,Shri Yogi",BJP,Bharatiya Janata Party,Gorakhpur,Uttar Pradesh
"Adsul,Shri Anandrao",Shiv Sena,Shiv Sena,Amravati,Maharashtra
"Advani,Shri Lal Krishna",BJP,Bharatiya Janata Party,Gandhinagar,Gujarat
"Agrawal,Shri Rajendra",BJP,Bharatiya Janata Party,Meerut,Uttar Pradesh
"Ahamed,Shri E.",Indian Union Muslim League,Indian Union Muslim League,Malappuram,Kerala
"Ahir,Shri Hansraj Gangaram",BJP,Bharatiya Janata Party,Chandrapur,Maharashtra
"Ahlawat,Smt. Santosh",BJP,Bharatiya Janata Party,Jhunjhunu,Rajasthan
"Ahluwalia,Shri S.S.",BJP,Bharatiya Janata Party,Darjeeling,West Bengal
"Ahmed,Shri Sultan",TMC,All India Trinamool Congress,Uluberia,West Bengal
"Ajmal,Maulana Badruddin",All India United Democratic Front,All India United Democratic Front,Dhubri,Assam
"Ajmal,Shri Sirajuddin",All India United Democratic Front,All India United Democratic Front,Barpeta,Assam
"Ali,Shri Idris",TMC,All India Trinamool Congress,Basirhat,West Bengal
"Ananth Kumar,Shri",BJP,Bharatiya Janata Party,Bangalore,South Karnataka
"Angadi,Shri Suresh Chanabasappa",BJP,Bharatiya Janata Party,Belgaum,Karnataka
"Anil (alias Padmakar) Gulabrao, Shirole, Shri",BJP,Bharatiya Janata Party,Pune,Maharashtra
"Antony,Shri Anto",INC,Indian National Congress,Pathanamthitta,Kerala
"Anwar ,Shri Tariq",NCP,Nationalist Congress Party,Katihar,Bihar
"Arunmozhithevan,Shri A.",AIADMK,All India Anna Dravida Munnetra Kazhagam,Cuddalore,Tamil Nadu
"Ashokkumar,Shri K.",AIADMK,All India Anna Dravida Munnetra Kazhagam,Krishnagiri,Tamil Nadu
"Ashwini Kumar,Shri",BJP,Bharatiya Janata Party,Karnal,Haryana
"Azad,Shri Kirti (JHA)",BJP,Bharatiya Janata Party,Darbhanga,Bihar
"Babul Supriyo,Shri",BJP,Bharatiya Janata Party,Asansol,West Bengal
"Badal,Smt. Harsimrat Kaur",SAD,Shiromani Akali Dal,Bathinda,Punjab
"Baheria,Shri Subhash Chandra",BJP,Bharatiya Janata Party,Bhilwara,Rajasthan
"Baig,Shri Muzaffar Hussain",Jammu and Kashmir Peoples Democratic Party,Jammu and Kashmir Peoples Democratic Party,Baramulla,Jammu and Kashmir
"Bais,Shri Ramesh",BJP,Bharatiya Janata Party,Raipur,Chhattisgarh
"Baite,Shri Thangso",INC,Indian National Congress,Outer,Manipur
"Baker,Shri George",,,Nominated Anglo-Indian,West Bengal
"Bakshi,Shri Subrata",TMC,All India Trinamool Congress,Kolkata,West Bengal
"Bala,Smt. Anju",BJP,Bharatiya Janata Party,Misrikh,Uttar Pradesh
"Balyan,Dr. Sanjeev Kumar",BJP,Bharatiya Janata Party,Muzaffarnagar,Uttar Pradesh
"Bandyopadhyay,Shri Sudip",TMC,All India Trinamool Congress,Kolkata Uttar,West Bengal
"Banerjee,Shri Abhishek",TMC,All India Trinamool Congress,Diamond Harbour,West Bengal
"Banerjee,Shri Kalyan",TMC,All India Trinamool Congress,Serampore,West Bengal
"Banerjee,Shri Prasun",TMC,All India Trinamool Congress,Howrah,West Bengal
"Bansode,Shri Sharadkumar Maruti",BJP,Bharatiya Janata Party,Solapur,Maharashtra
"Barman,Shri Bijoy Chandra",TMC,All India Trinamool Congress,Jalpaiguri,West Bengal
"Barne,Shri Shrirang Appa",Shiv Sena,Shiv Sena,Maval,Maharashtra
"Basheer,Shri E. T. Mohammed",Indian Union Muslim League,Indian Union Muslim League,Ponnani,Kerala
"Bhabhor,Shri Jaswantsinh Sumanbhai",BJP,Bharatiya Janata Party,Dahod,Gujarat
"Bhagat,Shri Bodhsingh",BJP,Bharatiya Janata Party,Balaghat,Madhya Pradesh
"Bhagat,Shri Sudarshan",BJP,Bharatiya Janata Party,Lohardaga,Jharkhand
"Bhamre,Dr. Subhash Ramrao",BJP,Bharatiya Janata Party,Dhule,Maharashtra
"Bharathimohan,Shri R.K.",AIADMK,All India Anna Dravida Munnetra Kazhagam,Mayiladuthurai,Tamil Nadu
"Bhatt,Smt. Ranjanben Dhananjay",BJP,Bharatiya Janata Party,Vadodara,Gujarat
"Bhonsle,Shri Udayanraje Pratapsingh",NCP,Nationalist Congress Party,Satara,Maharashtra
"Bhuria,Shri Kantilal",INC,Indian National Congress,Ratlam,Madhya Pradesh
"Bidhuri,Shri Ramesh",BJP,Bharatiya Janata Party,South,NCT of Delhi
"Biju,Shri Parayamparambil Kuttappan",CPI (Marxist),Communist Party of India (Marxist),Alathur,Kerala
"Birla,Shri Om",BJP,Bharatiya Janata Party,Kota,Rajasthan
"Biswas,Shri Radheshyam",All India United Democratic Front,All India United Democratic Front,Karimganj,Assam
"Bohra,Shri Ramcharan",BJP,Bharatiya Janata Party,Jaipur,Rajasthan
"Boianapalli,Shri Vinod Kumar",Telangana Rashtra Samithi,Telangana Rashtra Samithi,Karimnagar,Telangana
"Bose,Prof. (Dr.) Sugata",TMC,All India Trinamool Congress,Jadavpur,West Bengal
"Brahmpura,Shri Ranjit Singh",SAD,Shiromani Akali Dal,Khadoor Sahib,Punjab
"Butta,Smt. Renuka",YSRCP,Yuvajana Sramika Rythu Congress Party,Kurnool,Andhra Pradesh
"Chakravarty,Smt. Bijoya",BJP,Bharatiya Janata Party,Gauhati,Assam
"Chandel,Kunwar Pushpendra Singh",BJP,Bharatiya Janata Party,Hamirpur,Uttar Pradesh
"Chandrakasi,Shri M.",AIADMK,All India Anna Dravida Munnetra Kazhagam,Chidambaram,Tamil Nadu
"Chandrappa,Shri B.N.",INC,Indian National Congress,Chitradurga,Karnataka
"Chandumajra,Shri Prem Singh",SAD,Shiromani Akali Dal,Anandpur Sahib,Punjab
"Chaudhary,Shri Babulal",BJP,Bharatiya Janata Party,Fatehpur Sikri,Uttar Pradesh
"Chaudhary,Shri Birendra Kumar",BJP,Bharatiya Janata Party,Jhanjharpur,Bihar
"Chaudhary,Shri C.R.",BJP,Bharatiya Janata Party,Nagaur,Rajasthan
"Chaudhary,Shri Haribhai Parthibhai",BJP,Bharatiya Janata Party,Banaskantha,Gujarat
"Chaudhary,Shri P.P.",BJP,Bharatiya Janata Party,Pali,Rajasthan
"Chaudhary,Shri Santokh Singh",INC,Indian National Congress,Jalandhar,Punjab
"Chaudhury,Shri Jitendra",CPI (Marxist),Communist Party of India (Marxist),Tripura East,Tripura
"Chauhan,Shri Devusinh Jesingbhai",BJP,Bharatiya Janata Party,Kheda,Gujarat
"Chauhan,Shri Nand Kumar Singh",BJP,Bharatiya Janata Party,Khandwa,Madhya Pradesh
"Chauhan,Shri Nihal Chand",BJP,Bharatiya Janata Party,Ganganagar,Rajasthan
"Chauhan,Shri Prabhatsinh Pratapsinh",BJP,Bharatiya Janata Party,Panchmahal,Gujarat
"Chautala,Shri Dushyant",Indian National Lok Dal,Indian National Lok Dal,Hisar,Haryana
"Chavan,Shri Ashok Shankarrao",INC,Indian National Congress,Nanded,Maharashtra
"Chavan,Shri Harishchandra Deoram",BJP,Bharatiya Janata Party,Dindori,Maharashtra
"Chavda,Shri Vinod",BJP,Bharatiya Janata Party,Kachchh,Gujarat
"Chhewang,Shri Thupstan",BJP,Bharatiya Janata Party,Ladakh,Jammu and Kashmir
"Chhotelal,Shri",BJP,Bharatiya Janata Party,Robertsganj,Uttar Pradesh
"Chinnaraj,Shri Gopalakrishnan",AIADMK,All India Anna Dravida Munnetra Kazhagam,Nilgiris,Tamil Nadu
"Choubey,Shri Ashwini Kumar",BJP,Bharatiya Janata Party,Buxar,Bihar
"Choudhary,Shri Ram Tahal",BJP,Bharatiya Janata Party,Ranchi,Jharkhand
"Choudhury,Shri Abu Hasem Khan",INC,Indian National Congress,Maldaha Dakshin,West Bengal
"Chowdhary,Shri Pankaj",BJP,Bharatiya Janata Party,Maharajganj,Uttar Pradesh
"Chowdhury,Shri Adhir Ranjan",INC,Indian National Congress,Baharampur,West Bengal
"Chudasama,Shri Rajeshbhai Naranbhai",BJP,Bharatiya Janata Party,Junagadh,Gujarat
"Col. Choudhary,Sona Ram, VSM (Retd.)",BJP,Bharatiya Janata Party,Barmer,Rajasthan
"Danve,Shri Raosaheb Patil",BJP,Bharatiya Janata Party,Jalna,Maharashtra
"Dastidar,Dr. (Smt.) Kakoli Ghosh",TMC,All India Trinamool Congress,Barasat,West Bengal
"Datta,Shri Sankar Prasad",CPI (Marxist),Communist Party of India (Marxist),Tripura West,Tripura
"Dattatreya,Shri Bandaru",BJP,Bharatiya Janata Party,Secunderabad,Telangana
"Dayakar,Shri Pasunoori",Telangana Rashtra Samithi,Telangana Rashtra Samithi,Warangal,Telangana
"De(Nag),Dr. (Smt.) Ratna",TMC,All India Trinamool Congress,Hooghly,West Bengal
"Deka,Shri Ramen",BJP,Bharatiya Janata Party,Mangaldoi,Assam
"Deo,Shri Arka Keshari",BJD,Biju Janata Dal,Kalahandi,Odisha
"Dev,Km. Sushmita",INC,Indian National Congress,Silchar,Assam
"Devegowda,Shri H.D.",Janata Dal (Secular),Janata Dal (Secular),Hassan,Karnataka
"Devi,Smt. Rama",BJP,Bharatiya Janata Party,Sheohar,Bihar
"Devi,Smt. Veena",Lok Jan Shakti Party,Lok Jan Shakti Party,Munger,Bihar
"Dharambir Singh,Shri",BJP,Bharatiya Janata Party,Bhiwani-Mahendragarh,Haryana
"Dhotre,Shri Sanjay Shamrao",BJP,Bharatiya Janata Party,Akola,Maharashtra
"Dhruvanarayana,Shri R.",INC,Indian National Congress,Chamrajanagar,Karnataka
"Dhurve,Smt. Jyoti",BJP,Bharatiya Janata Party,Betul,Madhya Pradesh
"Diwakar,Shri Rajesh Kumar",BJP,Bharatiya Janata Party,Hathras,Uttar Pradesh
"Dohrey,Shri Ashok Kumar",BJP,Bharatiya Janata Party,Etawah,Uttar Pradesh
"Dr. Kirit Somaiya,",BJP,Bharatiya Janata Party,Mumbai-North-East,Maharashtra
"Dubey,Shri Nishikant",BJP,Bharatiya Janata Party,Godda,Jharkhand
"Dubey,Shri Satish Chandra",BJP,Bharatiya Janata Party,Valmiki Nagar,Bihar
"Dwivedi,Shri Harish",BJP,Bharatiya Janata Party,Basti,Uttar Pradesh
"Engti,Shri Biren Singh",INC,Indian National Congress,Autonomous,Assam
"Ering,Shri Ninong",INC,Indian National Congress,Arunachal,Arunachal Pradesh
"Fatepara,Shri Devajibhai Govindbhai",BJP,Bharatiya Janata Party,Surendranagar,Gujarat
"Gaddigoudar,Shri Parvatagouda Chandanagouda",BJP,Bharatiya Janata Party,Bagalkot,Karnataka
"Gadkari,Shri Nitin Jairam",BJP,Bharatiya Janata Party,Nagpur,Maharashtra
"Gaikwad,Prof. Ravindra Vishwanath",Shiv Sena,Shiv Sena,Osmanabad,Maharashtra
"Gaikwad,Dr. Sunil Baliram",BJP,Bharatiya Janata Party,Latur,Maharashtra
"Galla,Shri Jayadev",TDP,Telugu Desam Party,Guntur,Andhra Pradesh
"Gandhi,Dr. Dharam Vira",AAP,Aam Aadmi Party,Patiala,Punjab
"Gandhi,Shri Dilip Kumar Mansukhlal",BJP,Bharatiya Janata Party,Ahmednagar,Maharashtra
"Gandhi,Shri Feroze Varun",BJP,Bharatiya Janata Party,Sultanpur,Uttar Pradesh
"Gandhi,Smt. Maneka Sanjay",BJP,Bharatiya Janata Party,Pilibhit,Uttar Pradesh
"Gandhi,Shri Rahul",INC,Indian National Congress,Amethi,Uttar Pradesh
"Gandhi,Smt. Sonia",INC,Indian National Congress,Rae Bareli,Uttar Pradesh
"Gangwar,Shri Santosh Kumar",BJP,Bharatiya Janata Party,Bareilly,Uttar Pradesh
"Gautam,Shri Satish Kumar",BJP,Bharatiya Janata Party,Aligarh,Uttar Pradesh
"Gavit,Dr. Heena Vijaykumar",BJP,Bharatiya Janata Party,Nandurbar,Maharashtra
"Gawali (Patil),Ms. Bhavana Pundlikrao",Shiv Sena,Shiv Sena,Yavatmal-Washim,Maharashtra
"Geete,Shri Anant Gangaram",Shiv Sena,Shiv Sena,Raigad,Maharashtra
"General (Dr.) , Vijay Kumar Singh (Retd.)",BJP,Bharatiya Janata Party,Ghaziabad,Uttar Pradesh
"George,Shri (Adv.) Joice",Independents,Independents,Idukki,Kerala
"Ghosh,Ms. Arpita",TMC,All India Trinamool Congress,Balurghat,West Bengal
"Ghubaya,Shri Sher Singh",SAD,Shiromani Akali Dal,Ferozpur,Punjab
"Giluwa,Shri Laxman",BJP,Bharatiya Janata Party,Singhbhum,Jharkhand
"Girri,Shri Maheish",BJP,Bharatiya Janata Party,East Delhi,NCT of Delhi
"Godam,Shri Nagesh",Telangana Rashtra Samithi,Telangana Rashtra Samithi,Adilabad,Telangana
"Godse,Shri Hemant Tukaram",Shiv Sena,Shiv Sena,Nashik,Maharashtra
"Gogoi,Shri Gaurav",INC,Indian National Congress,Kaliabor,Assam
"Gohain,Shri Rajen",BJP,Bharatiya Janata Party,Nawgong,Assam
"Gopal,Dr. K.",AIADMK,All India Anna Dravida Munnetra Kazhagam,Nagapattinam,Tamil Nadu
"Gopalakrishnan,Shri R.",AIADMK,All India Anna Dravida Munnetra Kazhagam,Madurai,Tamil Nadu
"Goud,Dr. Boora Narsaiah",Telangana Rashtra Samithi,Telangana Rashtra Samithi,Bhongir,Telangana
"Gowda,Shri D.V. Sadananda",BJP,Bharatiya Janata Party,Bangalore,North Karnataka
"Gupta,Shri Shyama Charan",BJP,Bharatiya Janata Party,Allahabad,Uttar Pradesh
"Gupta,Shri Sudheer",BJP,Bharatiya Janata Party,Mandsour,Madhya Pradesh
"Gurjar,Shri Krishan Pal",BJP,Bharatiya Janata Party,Faridabad,Haryana
"Gutha,Shri Sukender Reddy",INC,Indian National Congress,Nalgonda,Telangana
"Hansdah,Shri Rama Chandra",BJD,Biju Janata Dal,Mayurbhanj,Odisha
"Hansdak,Shri Vijay Kumar",Jharkhand Mukti Morcha,Jharkhand Mukti Morcha,Rajmahal,Jharkhand
"Hari,Shri G.",AIADMK,All India Anna Dravida Munnetra Kazhagam,Arakkonam,Tamil Nadu
"Harsh Vardhan ,Dr.",BJP,Bharatiya Janata Party,Chandni,NCT of Delhi
"Hay,Prof. Richard",,,Nominated Anglo-Indian,Kerala
"Hazra,Dr. Anupam",TMC,All India Trinamool Congress,Bolpur,West Bengal
"Hegde,Shri Anantkumar",BJP,Bharatiya Janata Party,Uttara Kannada,Karnataka
"Hema Malini,Smt.",BJP,Bharatiya Janata Party,Mathura,Uttar Pradesh
"Hikaka,Shri Jhina",BJD,Biju Janata Dal,Koraput,Odisha
"Hooda,Shri Deepender Singh",INC,Indian National Congress,Rohtak,Haryana
"Hukkeri,Shri Prakash Babanna",INC,Indian National Congress,Chikkodi,Karnataka
"Innocent,Shri",Independents,Independents,Chalakudy,Kerala
"Jadhav,Shri Prataprao",Shiv Sena,Shiv Sena,Buldhana,Maharashtra
"Jadhav,Shri Sanjay Haribhau",Shiv Sena,Shiv Sena,Parbhani,Maharashtra
"Jaiswal,Dr. Sanjay",BJP,Bharatiya Janata Party,Paschim Champaran,Bihar
"Jardosh,Smt. Darshana Vikram",BJP,Bharatiya Janata Party,Surat,Gujarat
"Jat,Prof. Sanwar Lal",BJP,Bharatiya Janata Party,Ajmer,Rajasthan
"Jatua,Shri Choudhury Mohan",TMC,All India Trinamool Congress,Mathurapur,West Bengal
"Jaunapuria,Shri Sukhbir Singh",BJP,Bharatiya Janata Party,Tonk-Sawai Madhopur,Rajasthan
"Jayadevan,Shri C. N.",CPI,Communist Party of India,Thrissur,Kerala
"Jayavardhan,Dr. Jayakumar",AIADMK,All India Anna Dravida Munnetra Kazhagam,Chennai,Tamil Nadu
"Jena,Shri Rabindra Kumar",BJD,Biju Janata Dal,Balasore,Odisha
"Jigajinagi,Shri Ramesh Chandappa",BJP,Bharatiya Janata Party,Bijapur,Karnataka
"Joshi,Shri C. P.",BJP,Bharatiya Janata Party,Chittorgarh,Rajasthan
"Joshi,Dr. Murli Manohar",BJP,Bharatiya Janata Party,Kanpur,Uttar Pradesh
"Joshi,Shri Pralhad Venkatesh",BJP,Bharatiya Janata Party,Dharwad,Karnataka
"Jyoti,Sadhvi Niranjan",BJP,Bharatiya Janata Party,Fatehpur,Uttar Pradesh
"K.,Shri Parasuraman",AIADMK,All India Anna Dravida Munnetra Kazhagam,Thanjavur,Tamil Nadu
"Kachhadiya,Shri Naranbhai Bhikhabhai",BJP,Bharatiya Janata Party,Amreli,Gujarat
"Kaiser,Choudhary Mehboob Ali",Lok Jan Shakti Party,Lok Jan Shakti Party,Khagaria,Bihar
"Kalvakuntla,Smt. Kavitha",Telangana Rashtra Samithi,Telangana Rashtra Samithi,Nizamabad,Telangana
"Kamal Nath,Shri",INC,Indian National Congress,Chhindwara,Madhya Pradesh
"Kamaraj,Dr. K.",AIADMK,All India Anna Dravida Munnetra Kazhagam,Kallakurichi,Tamil Nadu
"Kambhampati,Dr. Hari Babu",BJP,Bharatiya Janata Party,Visakhapatnam,Andhra Pradesh
"Karadi,Shri Sanganna Amarappa",BJP,Bharatiya Janata Party,Koppal,Karnataka
"Karandlaje,Km. Shobha",BJP,Bharatiya Janata Party,Udupi Chikmagalur,Karnataka
"Karra,Shri Tariq Hameed",Jammu and Kashmir Peoples Democratic Party,Jammu and Kashmir Peoples Democratic Party,Srinagar,Jammu and Kashmir
"Karunakaran,Shri P.",CPI (Marxist),Communist Party of India (Marxist),Kasaragod,Kerala
"Kashyap,Shri Dinesh",BJP,Bharatiya Janata Party,Bastar,Chhattisgarh
"Kashyap,Shri Virender",BJP,Bharatiya Janata Party,Shimla,Himachal Pradesh
"Kaswan,Shri Rahul",BJP,Bharatiya Janata Party,Churu,Rajasthan
"Kataria,Shri Rattan Lal",BJP,Bharatiya Janata Party,Ambala,Haryana
"Kateel,Shri Nalin Kumar",BJP,Bharatiya Janata Party,Dakshina Kannada,Karnataka
"Kaushik,Shri Ramesh Chander",BJP,Bharatiya Janata Party,Sonipat,Haryana
"Kesineni,Shri Srinivas",TDP,Telugu Desam Party,Vijayawada,Andhra Pradesh
"Khadse,Smt. Raksha Nikhil",BJP,Bharatiya Janata Party,Raver,Maharashtra
"Khaire,Shri Chandrakant Bhaurao",Shiv Sena,Shiv Sena,Aurangabad,Maharashtra
"Khalsa,Shri Harinder Singh",AAP,Aam Aadmi Party,Fatehgarh Sahib,Punjab
"Khan,Shri Md. Badaruddoza",CPI (Marxist),Communist Party of India (Marxist),Murshidabad,West Bengal
"Khanduri, Maj Gen Bhuwan Chandra AVSM (Retd.)",BJP,Bharatiya Janata Party,Garhwal,Uttarakhand
"Khanna,Shri Vinod",BJP,Bharatiya Janata Party,Gurdaspur,Punjab
"Kharge,Shri Mallikarjun",INC,Indian National Congress,Gulbarga,Karnataka
"Kher,Smt. Kirron Anupam",BJP,Bharatiya Janata Party,Chandigarh,Chandigarh
"Khuba,Shri Bhagwanth",BJP,Bharatiya Janata Party,Bidar,Karnataka
"Kirtikar,Shri Gajanan Chandrakant",Shiv Sena,Shiv Sena,Mumbai-North-West,Maharashtra
"Kishore,Shri Kaushal",BJP,Bharatiya Janata Party,Mohanlalganj,Uttar Pradesh
"Kodikunnil,Shri Suresh",INC,Indian National Congress,Mavelikkara,Kerala
"Koli,Shri Bahadur Singh",BJP,Bharatiya Janata Party,Bharatpur,Rajasthan
"Koshyari,Shri Bhagat Singh",BJP,Bharatiya Janata Party,Nainital-Udhamsingh,Uttarakhand
"Kothapalli,Smt. Geetha",YSRCP,Yuvajana Sramika Rythu Congress Party,Araku,Andhra Pradesh
"Kulaste,Shri Faggan Singh",BJP,Bharatiya Janata Party,Mandla,Madhya Pradesh
"Kumar,Dr. Arun",Rashtriya Lok Samta Party,Rashtriya Lok Samta Party,Jahanabad,Bihar
"Kumar,Shri Dharmendra",BJP,Bharatiya Janata Party,Aonla,Uttar Pradesh
"Kumar,Shri Kaushalendra",Janata Dal (United),Janata Dal (United),Nalanda,Bihar
"Kumar,Shri Kunwar Sarvesh",BJP,Bharatiya Janata Party,Moradabad,Uttar Pradesh
"Kumar,Shri P.",AIADMK,All India Anna Dravida Munnetra Kazhagam,Tiruchirappalli,Tamil Nadu
"Kumar,Shri Santosh",Janata Dal (United),Janata Dal (United),Purnia,Bihar
"Kumar,Shri Shailesh (Bulo Mandal)",RJD,Rashtriya Janata Dal,Bhagalpur,Bihar
"Kumar,Shri Shanta",BJP,Bharatiya Janata Party,Kangra,Himachal Pradesh
"Kumar,Dr. Virendra",BJP,Bharatiya Janata Party,Tikamgarh,Madhya Pradesh
"Kundariya,Shri Mohanbhai Kalyanji",BJP,Bharatiya Janata Party,Rajkot,Gujarat
"Kushawaha,Shri Ravindra",BJP,Bharatiya Janata Party,Salempur,Uttar Pradesh
"Kushwaha,Shri Upendra",Rashtriya Lok Samta Party,Rashtriya Lok Samta Party,Karakat,Bihar
"Laguri,Smt. Sakuntala",BJD,Biju Janata Dal,Keonjhar,Odisha
"Lakhanpal,Shri Raghav",BJP,Bharatiya Janata Party,Saharanpur,Uttar Pradesh
"Lekhi,Smt. Meenakashi",BJP,Bharatiya Janata Party,New,NCT of Delhi
"Lokhande,Shri Sadashiv Kisan",Shiv Sena,Shiv Sena,Shirdi,Maharashtra
"M.,Smt. Vasanthi",AIADMK,All India Anna Dravida Munnetra Kazhagam,Tenkasi,Tamil Nadu
"Maadam,Smt. Poonamben Hematbhai",BJP,Bharatiya Janata Party,Jamnagar,Gujarat
"Maganti,Shri Murali Mohan",TDP,Telugu Desam Party,Rajahmundry,Andhra Pradesh
"Magantti,Shri Venkateswara Rao (Babu)",TDP,Telugu Desam Party,Eluru,Andhra Pradesh
"Mahadik,Shri Dhananjay Bhimrao",NCP,Nationalist Congress Party,Kolhapur,Maharashtra
"Mahajan,Smt. Poonam",BJP,Bharatiya Janata Party,Mumbai-North-Central,Maharashtra
"Mahato,Shri Bidyut Baran",BJP,Bharatiya Janata Party,Jamshedpur,Jharkhand
"Mahato,Dr. Mriganka",TMC,All India Trinamool Congress,Purulia,West Bengal
"Mahendran,Shri C.",AIADMK,All India Anna Dravida Munnetra Kazhagam,Pollachi,Tamil Nadu
"Mahtab,Shri Bhartruhari",BJD,Biju Janata Dal,Cuttack,Odisha
"Mahto,Dr. Banshilal",BJP,Bharatiya Janata Party,Korba,Chhattisgarh
"Majhi,Shri Balabhadra",BJD,Biju Janata Dal,Nabarangpur,Odisha
"Malviya,Prof. Chintamani",BJP,Bharatiya Janata Party,Ujjain,Madhya Pradesh
"Malyadri,Shri Sriram",TDP,Telugu Desam Party,Bapatla,Andhra Pradesh
"Mandal,Dr. Tapas",TMC,All India Trinamool Congress,Ranaghat,West Bengal
"Mani,Shri Jose K.",Kerala Congress (M),Kerala Congress (M),Kottayam,Kerala
"Manjhi,Shri Hari",BJP,Bharatiya Janata Party,Gaya,Bihar
"Mann,Shri Bhagwant",AAP,Aam Aadmi Party,Sangrur,Punjab
"Marabi,Shri Kamalbhan Singh",BJP,Bharatiya Janata Party,Surguja,Chhattisgarh
"Maragatham,Smt. K.",AIADMK,All India Anna Dravida Munnetra Kazhagam,Kancheepuram,Tamil Nadu
"Marutharajaa,Shri R.P.",AIADMK,All India Anna Dravida Munnetra Kazhagam,Perambalur,Tamil Nadu
"Maurya,Shri Keshav Prasad (Kushwaha)",BJP,Bharatiya Janata Party,Phulpur,Uttar Pradesh
"Meena,Shri Arjunlal",BJP,Bharatiya Janata Party,Udaipur,Rajasthan
"Meena,Shri Harish Chandra",BJP,Bharatiya Janata Party,Dausa,Rajasthan
"Meghwal,Shri Arjun Ram",BJP,Bharatiya Janata Party,Bikaner,Rajasthan
"Meinya,Dr. Thokchom",INC,Indian National Congress,Inner,Manipur
"Mishra,Shri Anoop",BJP,Bharatiya Janata Party,Morena,Madhya Pradesh
"Mishra,Shri Bhairon Prasad",BJP,Bharatiya Janata Party,Banda,Uttar Pradesh
"Mishra,Shri Daddan",BJP,Bharatiya Janata Party,Shrawasti,Uttar Pradesh
"Mishra,Shri Janardan",BJP,Bharatiya Janata Party,Rewa,Madhya Pradesh
"Mishra,Shri Kalraj",BJP,Bharatiya Janata Party,Deoria,Uttar Pradesh
"Misra,Shri Ajay (Teni)",BJP,Bharatiya Janata Party,Kheri,Uttar Pradesh
"Misra,Shri Pinaki",BJD,Biju Janata Dal,Puri,Odisha
"Modi,Shri Narendra",BJP,Bharatiya Janata Party,Varanasi,Uttar Pradesh
"Mohammad,Shri Asrarul Haque",INC,Indian National Congress,Kishanganj,Bihar
"Mohammed,Shri Faizal P.P.",NCP,Nationalist Congress Party,Lakshadweep,Lakshadweep
"Mohan,Shri P. C.",BJP,Bharatiya Janata Party,Bangalore,Karnataka
"Mohapatra,Shri Sidhant",BJD,Biju Janata Dal,Berhampur,Odisha
"Moily,Dr. M. Veerappa",INC,Indian National Congress,Chikkballapur,Karnataka
"Mondal,Smt. Pratima",TMC,All India Trinamool Congress,Jaynagar,West Bengal
"Mondal,Shri Sunil Kumar",TMC,All India Trinamool Congress,Bardhaman,West Bengal
"Muddahanumegowda,Shri S.P.",INC,Indian National Congress,Tumkur,Karnataka
"Mukherjee,Dr. Abhijit",INC,Indian National Congress,Jangipur,West Bengal
"Mullappally,Shri Ramachandran",INC,Indian National Congress,Vadakara,Kerala
"Munda,Shri Kariya",BJP,Bharatiya Janata Party,Khunti,Jharkhand
"Munde,Dr. Pritam Gopinath",BJP,Bharatiya Janata Party,Beed,Maharashtra
"Muniyappa,Dr. K.H.",INC,Indian National Congress,Kolar,Karnataka
"Nagar,Shri Rodmal",BJP,Bharatiya Janata Party,Rajgarh,Madhya Pradesh
"Naik,Dr. (Prof.) Azmeera Seetaram",Telangana Rashtra Samithi,Telangana Rashtra Samithi,Mahabubabad,Telangana
"Naik,Shri B.V.",INC,Indian National Congress,Raichur,Karnataka
"Naik,Shri Shripad Yesso",BJP,Bharatiya Janata Party,North Goa,Goa
"Natterjee,Advocate Jayasingh Thiyagaraj",AIADMK,All India Anna Dravida Munnetra Kazhagam,Thoothukkudi,Tamil Nadu
"Nete,Shri Ashok Mahadeorao",BJP,Bharatiya Janata Party,Gadchiroli-Chimur,Maharashtra
"Nimmala,Shri Kristappa",TDP,Telugu Desam Party,Hindupur,Andhra Pradesh
"Ninama,Shri Manshankar",BJP,Bharatiya Janata Party,Banswara,Rajasthan
"Nishad,Shri Ajay",BJP,Bharatiya Janata Party,Muzaffarpur,Bihar
"Nishank,Dr. Ramesh Pokhriyal",BJP,Bharatiya Janata Party,Hardwar,Uttarakhand
"Noor,Smt. Mausam",INC,Indian National Congress,Maldaha,West Bengal
"Oram,Shri Jual",BJP,Bharatiya Janata Party,Sundargarh,Odisha
"Owaisi,Shri Asaduddin",AIMM,All India Majlis-E-Ittehadul Muslimeen,Hyderabad,Telangana
"P.,Shri Nagarajan",AIADMK,All India Anna Dravida Munnetra Kazhagam,Coimbatore,Tamil Nadu
"Pal ,Shri Jagdambika",BJP,Bharatiya Janata Party,Domariyaganj,Uttar Pradesh
"Pala,Shri Vincent H",INC,Indian National Congress,Shillong,Meghalaya
"Panda,Shri Baijayant ""Jay""",BJD,Biju Janata Dal,Kendrapara,Odisha
"Pandey,Shri Hari Om",BJP,Bharatiya Janata Party,Ambedkar,Uttar Pradesh
"Pandey,Dr. Mahendra Nath",BJP,Bharatiya Janata Party,Chandauli,Uttar Pradesh
"Pandey,Shri Rajesh",BJP,Bharatiya Janata Party,Kushi Nagar,Uttar Pradesh
"Pandey,Shri Ravindra Kumar",BJP,Bharatiya Janata Party,Giridih,Jharkhand
"Pandula,Dr. Ravindra Babu",TDP,Telugu Desam Party,Amalapuram,Andhra Pradesh
"Parthipan,Shri R.",AIADMK,All India Anna Dravida Munnetra Kazhagam,Theni,Tamil Nadu
"Paswan,Shri Chhedi",BJP,Bharatiya Janata Party,Sasaram,Bihar
"Paswan,Shri Chirag",Lok Jan Shakti Party,Lok Jan Shakti Party,Jamui,Bihar
"Paswan,Shri Kamlesh",BJP,Bharatiya Janata Party,Bansgaon,Uttar Pradesh
"Paswan,Shri Ram Vilas",Lok Jan Shakti Party,Lok Jan Shakti Party,Hajipur,Bihar
"Paswan,Shri Ramchandra",Lok Jan Shakti Party,Lok Jan Shakti Party,Samastipur,Bihar
"Patasani,Dr. (Prof.) Prasanna Kumar",BJD,Biju Janata Dal,Bhubaneswar,Odisha
"Patel,Smt. Anupriya",Apna Dal,Apna Dal,Mirzapur,Uttar Pradesh
"Patel,Shri Devji Mansingram",BJP,Bharatiya Janata Party,Jalore,Rajasthan
"Patel,Shri Dilip M.",BJP,Bharatiya Janata Party,Anand,Gujarat
"Patel,Smt. Jayshreeben",BJP,Bharatiya Janata Party,Mehsana,Gujarat
"Patel,Dr. K. C.",BJP,Bharatiya Janata Party,Valsad,Gujarat
"Patel,Shri Lalubhai Babubhai",BJP,Bharatiya Janata Party,Daman,Daman and Diu
"Patel,Shri Natubhai Gomanbhai",BJP,Bharatiya Janata Party,Dadra,Dadra and Nagar Haveli
"Patel,Shri Prahlad Singh",BJP,Bharatiya Janata Party,Damoh,Madhya Pradesh
"Patel,Shri Subhash",BJP,Bharatiya Janata Party,Khargone,Madhya Pradesh
"Pathak,Smt. Riti",BJP,Bharatiya Janata Party,Sidhi,Madhya Pradesh
"Patil,Shri A.T. (Nana)",BJP,Bharatiya Janata Party,Jalgaon,Maharashtra
"Patil,Shri Bheemrao Baswanthrao",Telangana Rashtra Samithi,Telangana Rashtra Samithi,Zahirabad,Telangana
"Patil,Shri C. R.",BJP,Bharatiya Janata Party,Navsari,Gujarat
"Patil,Shri Kapil Moreshwar",BJP,Bharatiya Janata Party,Bhiwandi,Maharashtra
"Patil,Shri Sanjay(Kaka) Ramchandra",BJP,Bharatiya Janata Party,Sangli,Maharashtra
"Patil,Shri Vijaysinh Mohite",NCP,Nationalist Congress Party,Madha,Maharashtra
"Patle,Smt. Kamla Devi",BJP,Bharatiya Janata Party,Janjgir-Champa,Chhattisgarh
"Patole,Shri Nanabhau Falgunrao",BJP,Bharatiya Janata Party,Bhandara-Gondiya,Maharashtra
"Paul,Shri Tapas",TMC,All India Trinamool Congress,Krishnanagar,West Bengal
"Phoole,Sushree Sadhvi Savitri Bai",BJP,Bharatiya Janata Party,Bahraich,Uttar Pradesh
"Poddar,Smt. Aparupa",TMC,All India Trinamool Congress,Arambagh,West Bengal
"Prabakaran,Shri K.R.P.",AIADMK,All India Anna Dravida Munnetra Kazhagam,Tirunelveli,Tamil Nadu
"Pradhan,Shri Nagendra Kumar",BJD,Biju Janata Dal,Sambalpur,Odisha
"Prasad,Dr. Bhagirath",BJP,Bharatiya Janata Party,Bhind,Madhya Pradesh
"Premachandran,Shri N.K.",Revolutionary Socialist Party,Revolutionary Socialist Party,Kollam,Kerala
"Pusapati,Shri Ashok Gajapathi Raju",TDP,Telugu Desam Party,Vizianagaram,Andhra Pradesh
"Puttaraju,Shri C.S.",Janata Dal (Secular),Janata Dal (Secular),Mandya,Karnataka
"Raajhaa,Shri A. Anwhar",AIADMK,All India Anna Dravida Munnetra Kazhagam,Ramanathapuram,Tamil Nadu
"Radadiya,Shri Vitthalbhai Hansrajbhai",BJP,Bharatiya Janata Party,Porbandar,Gujarat
"Radhakrishnan,Shri Pon",BJP,Bharatiya Janata Party,Kanniyakumari,Tamil Nadu
"Radhakrishnan,Shri R.",All India N.R. Congress,All India N.R. Congress,Puducherry,Puducherry
"Radhakrishnan,Shri T.",AIADMK,All India Anna Dravida Munnetra Kazhagam,Virudhunagar,Tamil Nadu
"Raghavan,Shri M. K.",INC,Indian National Congress,Kozhikode,Kerala
"Rai,Shri Nityanand",BJP,Bharatiya Janata Party,Ujiarpur,Bihar
"Rai,Shri Prem Das",Sikkim Democratic Front,Sikkim Democratic Front,Sikkim,Sikkim
"Raj,Smt. Krishna",BJP,Bharatiya Janata Party,Shahjahanpur,Uttar Pradesh
"Raj,Dr. Udit",BJP,Bharatiya Janata Party,North West,NCT of Delhi
"Rajbhar,Shri Hari Narayan",BJP,Bharatiya Janata Party,Ghosi,Uttar Pradesh
"Rajendran,Shri S.",AIADMK,All India Anna Dravida Munnetra Kazhagam,Viluppuram,Tamil Nadu
"Rajesh,Shri M. B.",CPI (Marxist),Communist Party of India (Marxist),Palakkad,Kerala
"Rajoria,Dr. Manoj",BJP,Bharatiya Janata Party,Karauli-Dholpur,Rajasthan
"Rajput,Shri Mukesh",BJP,Bharatiya Janata Party,Farrukhabad,Uttar Pradesh
"Raju,Shri Gokaraju Ganga",BJP,Bharatiya Janata Party,Narsapuram,Andhra Pradesh
"Ram,Shri Janak",BJP,Bharatiya Janata Party,Gopalganj,Bihar
"Ram,Shri Vishnu Dayal",BJP,Bharatiya Janata Party,Palamu,Jharkhand
"Ram Charitra Nishad,Shri",BJP,Bharatiya Janata Party,Machhlishahr,Uttar Pradesh
"Ram Mohan Naidu,Shri Kinjarapu",TDP,Telugu Desam Party,Srikakulam,Andhra Pradesh
"Ram Shankar,Prof. (Dr.)",BJP,Bharatiya Janata Party,Agra,Uttar Pradesh
"Ramachandran,Shri Krishnan Narayanasamy",AIADMK,All India Anna Dravida Munnetra Kazhagam,Sriperumbudur,Tamil Nadu
"Ramadoss,Dr. Anbumani",Pattali Makkal Katchi,Pattali Makkal Katchi,Dharmapuri,Tamil Nadu
"Ranjan,Smt. Ranjeet",INC,Indian National Congress,Supaul,Bihar
"Ranjan (Pappu Yadav),Shri Rajesh",RJD,Rashtriya Janata Dal,Madhepura,Bihar
"Rao,Shri Konakalla Narayana",TDP,Telugu Desam Party,Machilipatnam,Andhra Pradesh
"Rao,Shri Rayapati Sambasiva",TDP,Telugu Desam Party,Narasaraopet,Andhra Pradesh
"Rao (Avanthi),Shri Muthamsetti Srinivasa",TDP,Telugu Desam Party,Anakapalle,Andhra Pradesh
"Rao Inderjit Singh,",BJP,Bharatiya Janata Party,Gurgaon,Haryana
"Rathod,Shri Dipsinh Shankarsinh",BJP,Bharatiya Janata Party,Sabarkantha,Gujarat
"Rathore,Shri Hariom Singh",BJP,Bharatiya Janata Party,Rajsamand,Rajasthan
"Rathore,Col. Rajyavardhan Singh",BJP,Bharatiya Janata Party,Jaipur,Rajasthan
"Rathwa,Shri Ramsinh Pataliyabhai",BJP,Bharatiya Janata Party,Chhota,Gujarat
"Raut,Shri Vinayak Bhaurao",Shiv Sena,Shiv Sena,Ratnagiri-Sindhudurg,Maharashtra
"Rawal,Shri Paresh",BJP,Bharatiya Janata Party,Ahmedabad,Gujarat
"Rawat,Smt. Priyanka Singh",BJP,Bharatiya Janata Party,Barabanki,Uttar Pradesh
"Ray,Shri Bishnu Pada",BJP,Bharatiya Janata Party,Andaman,Andaman and Nicobar Islands
"Ray,Dr. Ravindra Kumar",BJP,Bharatiya Janata Party,Kodarma,Jharkhand
"Reddy,Shri A.P. Jithender",Telangana Rashtra Samithi,Telangana Rashtra Samithi,Mahabubnagar,Telangana
"Reddy,Shri Ch. Malla",TDP,Telugu Desam Party,Malkajgiri,Telangana
"Reddy,Shri J.C. Divakar",TDP,Telugu Desam Party,Anantapur,Andhra Pradesh
"Reddy,Shri Konda Vishweshwar",Telangana Rashtra Samithi,Telangana Rashtra Samithi,Chevella,Telangana
"Reddy,Shri Kotha Prabhakar",Telangana Rashtra Samithi,Telangana Rashtra Samithi,Medak,Telangana
"Reddy,Shri Mekapati Rajamohan",YSRCP,Yuvajana Sramika Rythu Congress Party,Nellore,Andhra Pradesh
"Reddy,Shri Midhun",YSRCP,Yuvajana Sramika Rythu Congress Party,Rajampet,Andhra Pradesh
"Reddy,Shri Ponguleti Srinivasa",YSRCP,Yuvajana Sramika Rythu Congress Party,Khammam,Telangana
"Reddy,Shri S.P.Y.",YSRCP,Yuvajana Sramika Rythu Congress Party,Nandyal,Andhra Pradesh
"Reddy,Shri Y. S. Avinash",YSRCP,Yuvajana Sramika Rythu Congress Party,Kadapa,Andhra Pradesh
"Rijiju,Shri Kiren",BJP,Bharatiya Janata Party,Arunachal,Arunachal Pradesh
"Rio,Shri Neiphiu",Nagaland Peoples Front,Nagaland Peoples Front,Nagaland,Nagaland
"Rori,Shri Charanjeet Singh",Indian National Lok Dal,Indian National Lok Dal,Sirsa,Haryana
"Roy,Smt. Sandhya",TMC,All India Trinamool Congress,Medinipur,West Bengal
"Roy,Prof. Saugata",TMC,All India Trinamool Congress,Dum,West Bengal
"Roy (Banerjee),Smt. Satabdi",TMC,All India Trinamool Congress,Birbhum,West Bengal
"Ruala,Shri C. L.",INC,Indian National Congress,Mizoram,Mizoram
"Rudy,Shri Rajiv Pratap",BJP,Bharatiya Janata Party,Saran,Bihar
"S.R.,Shri Vijayakumar",AIADMK,All India Anna Dravida Munnetra Kazhagam,Chennai,Tamil Nadu
"Sahu,Shri Chandu Lal",BJP,Bharatiya Janata Party,Mahasamund,Chhattisgarh
"Sahu,Shri Lakhan Lal",BJP,Bharatiya Janata Party,Bilaspur,Chhattisgarh
"Sahu,Shri Tamradhwaj",INC,Indian National Congress,Durg,Chhattisgarh
"Sai,Shri Vishnu Deo",BJP,Bharatiya Janata Party,Raigarh,Chhattisgarh
"Saini,Shri Raj Kumar",BJP,Bharatiya Janata Party,Kurukshetra,Haryana
"Salim,Shri Mohammad",CPI (Marxist),Communist Party of India (Marxist),Raiganj,West Bengal
"Samal,Dr. Kulamani",BJD,Biju Janata Dal,Jagatsinghpur,Odisha
"Sampath,Dr. Anirudhan",CPI (Marxist),Communist Party of India (Marxist),Attingal,Kerala
"Sampla,Shri Vijay",BJP,Bharatiya Janata Party,Hoshiarpur,Punjab
"Sanghamita,Prof. (Dr.) Mamtaz",TMC,All India Trinamool Congress,Bardhaman-Durgapur,West Bengal
"Sangma,Shri Conrad Kongkal",National Peoples Party,National Peoples Party,, 
"Sanjar,Shri Alok",BJP,Bharatiya Janata Party,Bhopal,Madhya Pradesh
"Sarania,Shri Naba (Hira) Kumar",Independents,Independents,Kokrajhar,Assam
"Saraswati,Shri Sumedhanand",BJP,Bharatiya Janata Party,Sikar,Rajasthan
"Saren,Dr. Uma",TMC,All India Trinamool Congress,Jhargram,West Bengal
"Sarmah,Shri Ram Prasad",BJP,Bharatiya Janata Party,Tezpur,Assam
"Satav,Shri Rajeev Shankarrao",INC,Indian National Congress,Hingoli,Maharashtra
"Sathyabama,Smt. V.",AIADMK,All India Anna Dravida Munnetra Kazhagam,Tiruppur,Tamil Nadu
"Satpathy,Shri Tathagata",BJD,Biju Janata Dal,Dhenkanal,Odisha
"Saumitra,Shri Khan",TMC,All India Trinamool Congress,Bishnupur,West Bengal
"Sawaikar,Advocate (Shri) Narendra Keshav",BJP,Bharatiya Janata Party,South,Goa
"Sawant,Shri Arvind Ganpat",Shiv Sena,Shiv Sena,Mumbai-South,Maharashtra
"Scindia,Shri Jyotiraditya Madhavrao",INC,Indian National Congress,Guna,Madhya Pradesh
"Selvakumarachinnayan,Shri S.",AIADMK,All India Anna Dravida Munnetra Kazhagam,Erode,Tamil Nadu
"Selvam,Shri V. Panneer",AIADMK,All India Anna Dravida Munnetra Kazhagam,Salem,Tamil Nadu
"Senguttuvan,Shri B.",AIADMK,All India Anna Dravida Munnetra Kazhagam,Vellore,Tamil Nadu
"Senthilnathan,Shri P.R.",AIADMK,All India Anna Dravida Munnetra Kazhagam,Sivaganga,Tamil Nadu
"Sethi,Shri Arjun Charan",BJD,Biju Janata Dal,Bhadrak,Odisha
"Shah,Smt. Mala Rajya Laxmi",BJP,Bharatiya Janata Party,Tehri Garhwal ,Uttarakhand
"Shanavas,Shri M. I.",INC,Indian National Congress,Wayanad,Kerala
"Sharma,Shri Jugal Kishore",BJP,Bharatiya Janata Party,Jammu,Jammu and Kashmir
"Sharma,Dr. Mahesh",BJP,Bharatiya Janata Party,Gautam,Uttar Pradesh
"Sharma,Shri Ram Kumar",Rashtriya Lok Samta Party,Rashtriya Lok Samta Party,Sitamarhi,Bihar
"Sharma,Shri Ram Swaroop",BJP,Bharatiya Janata Party,Mandi,Himachal Pradesh
"Shekhawat,Shri Gajendra Singh",BJP,Bharatiya Janata Party,Jodhpur,Rajasthan
"Shetti,Shri Raju alias Devappa Anna",Swabhimani Paksha,Swabhimani Paksha,Hatkanangle,Maharashtra
"Shetty,Shri Gopal Chinayya",BJP,Bharatiya Janata Party,Mumbai-North,Maharashtra
"Shewale,Shri Rahul Ramesh",Shiv Sena,Shiv Sena,Mumbai,Maharashtra
"Shinde,Dr. Shrikant Eknath",Shiv Sena,Shiv Sena,Kalyan,Maharashtra
"Shyal,Dr. Bharati Dhirubhai",BJP,Bharatiya Janata Party,Bhavnagar,Gujarat
"Siddeshwara,Shri Gowdar Mallikarjunappa",BJP,Bharatiya Janata Party,Davanagere,Karnataka
"Sigriwal,Shri Janardan Singh",BJP,Bharatiya Janata Party,Maharajganj,Bihar
"Simha,Shri Prathap",BJP,Bharatiya Janata Party,Mysore,Karnataka
"Singh,Shri Abhishek",BJP,Bharatiya Janata Party,Rajnandgaon,Chhattisgarh
"Singh,Captain Amarinder",INC,Indian National Congress,Amritsar,Punjab
"Singh,Shri Bharat",BJP,Bharatiya Janata Party,Ballia,Uttar Pradesh
"Singh,Kunwar Bharatendra",BJP,Bharatiya Janata Party,Bijnor,Uttar Pradesh
"Singh,Shri Bhola",BJP,Bharatiya Janata Party,Bulandshahr,Uttar Pradesh
"Singh,Dr. Bhola",BJP,Bharatiya Janata Party,Begusarai,Bihar
"Singh,Shri Brijbhushan Sharan",BJP,Bharatiya Janata Party,Kaiserganj,Uttar Pradesh
"Singh,Shri Devendra (Alias) Bhole Singh",BJP,Bharatiya Janata Party,Akbarpur,Uttar Pradesh
"Singh,Shri Dushyant",BJP,Bharatiya Janata Party,Jhalawar-Baran,Rajasthan
"Singh,Shri Ganesh",BJP,Bharatiya Janata Party,Satna,Madhya Pradesh
"Singh,Shri Giriraj",BJP,Bharatiya Janata Party,Nawada,Bihar
"Singh,Shri Hukum",BJP,Bharatiya Janata Party,Kairana,Uttar Pradesh
"Singh,Dr. Jitendra",BJP,Bharatiya Janata Party,Udhampur,Jammu and Kashmir
"Singh,Shri Kirti Vardhan",BJP,Bharatiya Janata Party,Gonda,Uttar Pradesh
"Singh,Dr. Krishna Pratap",BJP,Bharatiya Janata Party,Jaunpur,Uttar Pradesh
"Singh,Shri Kunwar Haribansh",Apna Dal,Apna Dal,Pratapgarh,Uttar Pradesh
"Singh,Shri Lallu",BJP,Bharatiya Janata Party,Faizabad,Uttar Pradesh
"Singh,Shri Nagendra",BJP,Bharatiya Janata Party,Khajuraho,Madhya Pradesh
"Singh,Dr. Nepal",BJP,Bharatiya Janata Party,Rampur,Uttar Pradesh
"Singh,Shri Parvesh Sahib",BJP,Bharatiya Janata Party,West,NCT of Delhi
"Singh,Shri Pashupati Nath",BJP,Bharatiya Janata Party,Dhanbad,Jharkhand
"Singh,Dr. Prabhas Kumar",BJD,Biju Janata Dal,Bargarh,Odisha
"Singh, Smt. Pratyusha Rajeshwari",BJD,Biju Janata Dal,Kandhamal,Odisha
"Singh,Shri Radha Mohan",BJP,Bharatiya Janata Party,Purvi Champaran,Bihar
"Singh,Shri Raj Kumar",BJP,Bharatiya Janata Party,Arrah,Bihar
"Singh,Shri Rajnath",BJP,Bharatiya Janata Party,Lucknow,Uttar Pradesh
"Singh,Shri Rajveer (Raju Bhaiya)",BJP,Bharatiya Janata Party,Etah,Uttar Pradesh
"Singh,Shri Rakesh",BJP,Bharatiya Janata Party,Jabalpur,Madhya Pradesh
"Singh,Shri Rama Kishore",Lok Jan Shakti Party,Lok Jan Shakti Party,Vaishali,Bihar
"Singh,Shri Ravneet",INC,Indian National Congress,Ludhiana,Punjab
"Singh,Prof. Sadhu",AAP,Aam Aadmi Party,Faridkot,Punjab
"Singh,Shri Satya Pal",BJP,Bharatiya Janata Party,Sambhal,Uttar Pradesh
"Singh,Dr. Satya Pal",BJP,Bharatiya Janata Party,Baghpat,Uttar Pradesh
"Singh,Shri Sunil Kumar",BJP,Bharatiya Janata Party,Chatra,Jharkhand
"Singh,Shri Sushil Kumar",BJP,Bharatiya Janata Party,Aurangabad,Bihar
"Singh,Shri Uday Pratap",BJP,Bharatiya Janata Party,Hoshangabad,Madhya Pradesh
"Singh,Shri Virendra",BJP,Bharatiya Janata Party,Bhadohi,Uttar Pradesh
"Singh,Dr. Yashwant",BJP,Bharatiya Janata Party,Nagina,Uttar Pradesh
"Singh Deo,Shri Kalikesh Narayan",BJD,Biju Janata Dal,Bolangir,Odisha
"Sinha,Shri Jayant",BJP,Bharatiya Janata Party,Hazaribagh,Jharkhand
"Sinha,Shri Manoj Kumar",BJP,Bharatiya Janata Party,Ghazipur,Uttar Pradesh
"Sinha,Smt. Renuka",TMC,All India Trinamool Congress,Coochbehar,West Bengal
"Sinha,Shri Shatrughan Prasad",BJP,Bharatiya Janata Party,Patna Sahib,Bihar
"Sivaprasad,Dr. Naramalli",TDP,Telugu Desam Party,Chittoor,Andhra Pradesh
"Solanki,Dr. (Prof) Kirit Premjibhai",BJP,Bharatiya Janata Party,Ahmedabad West,Gujarat
"Sonkar,Shri Vinod Kumar",BJP,Bharatiya Janata Party,Kaushambi,Uttar Pradesh
"Sonker,Smt. Neelam",BJP,Bharatiya Janata Party,Lalganj,Uttar Pradesh
"Soren,Shri Shibu",Jharkhand Mukti Morcha,Jharkhand Mukti Morcha,Dumka,Jharkhand
"Sreeramulu,Shri B.",BJP,Bharatiya Janata Party,Bellary,Karnataka
"Subba Reddy,Shri Yerram Venkata",YSRCP,Yuvajana Sramika Rythu Congress Party,Ongole,Andhra Pradesh
"Sule,Smt. Supriya Sadanand",NCP,Nationalist Congress Party,Baramati,Maharashtra
"Suman,Shri Balka",Telangana Rashtra Samithi,Telangana Rashtra Samithi,Peddapalle,Telangana
"Sumitra Mahajan (Tai),",BJP,Bharatiya Janata Party,Indore,Madhya Pradesh
"Sundaram,Shri P.R.",AIADMK,All India Anna Dravida Munnetra Kazhagam,Namakkal,Tamil Nadu
"Suresh,Shri Doddaalahalli Kempegowda",INC,Indian National Congress,Bangalore,Karnataka
"Sushree, Uma Bharati",BJP,Bharatiya Janata Party,Jhansi,Uttar Pradesh
"Swain,Shri Ladu Kishore",BJD,Biju Janata Dal,Aska,Odisha
"Swami Maharaj, Dr. Sakshi Ji",BJP,Bharatiya Janata Party,Unnao,Uttar Pradesh
"Swaraj,Smt. Sushma",BJP,Bharatiya Janata Party,Vidisha,Madhya Pradesh
"Tadas,Shri Ramdas Chandrabhanji",BJP,Bharatiya Janata Party,Wardha,Maharashtra
"Tamta,Shri Ajay",BJP,Bharatiya Janata Party,Almora,Uttarakhand
"Tanwar,Shri Kanwar Singh",BJP,Bharatiya Janata Party,Amroha,Uttar Pradesh
"Tarai,Smt. Rita",BJD,Biju Janata Dal,Jajpur,Odisha
"Tasa,Shri Kamakhya Prasad",BJP,Bharatiya Janata Party,Jorhat,Assam
"Taslim Uddin,Shri",RJD,Rashtriya Janata Dal,Araria,Bihar
"Teacher,Smt. P.K. Sreemathi",CPI (Marxist),Communist Party of India (Marxist),Kannur,Kerala
"Teli,Shri Rameswar",BJP,Bharatiya Janata Party,Dibrugarh,Assam
"Thakur,Shri Anurag Singh",BJP,Bharatiya Janata Party,Hamirpur,Himachal Pradesh
"Thakur,Smt. Mamata",TMC,All India Trinamool Congress,Bangaon,West Bengal
"Thakur,Smt. Savitri",BJP,Bharatiya Janata Party,Dhar,Madhya Pradesh
"Thambi Durai,Dr. M.",AIADMK,All India Anna Dravida Munnetra Kazhagam,Karur,Tamil Nadu
"Tharoor,Dr. Shashi",INC,Indian National Congress,Thiruvananthapuram,Kerala
"Thomas,Prof. Kuruppassery Varkey",INC,Indian National Congress,Ernakulam,Kerala
"Thota,Shri Narasimham",TDP,Telugu Desam Party,Kakinada,Andhra Pradesh
"Tirkey,Shri Dasrath",TMC,All India Trinamool Congress,Alipurduars,West Bengal
"Tiwari,Shri Manoj Kumar",BJP,Bharatiya Janata Party,North,NCT of Delhi
"Tomar,Shri Narendra Singh",BJP,Bharatiya Janata Party,Gwalior,Madhya Pradesh
"Tripathi,Shri Sharad",BJP,Bharatiya Janata Party,Sant Kabir Nagar,Uttar Pradesh
"Trivedi,Shri Dinesh",TMC,All India Trinamool Congress,Barrackpur,West Bengal
"Tumane,Shri Krupal Balaji",Shiv Sena,Shiv Sena,Ramtek,Maharashtra
"Udasi,Shri Shivkumar Chanabasappa",BJP,Bharatiya Janata Party,Haveri,Karnataka
"Udhayakumar,Shri M.",AIADMK,All India Anna Dravida Munnetra Kazhagam,Dindigul,Tamil Nadu
"Usendi,Shri Vikram",BJP,Bharatiya Janata Party,Kanker,Chhattisgarh
"Utawal,Shri Manohar",BJP,Bharatiya Janata Party,Dewas,Madhya Pradesh
"V.,Shri Elumalai",AIADMK,All India Anna Dravida Munnetra Kazhagam,Arani,Tamil Nadu
"Vaghela,Shri Liladharbhai Khodaji",BJP,Bharatiya Janata Party,Patan,Gujarat
"Vanaroja,Smt. R.",AIADMK,All India Anna Dravida Munnetra Kazhagam,Tiruvannamalai,Tamil Nadu
"Varma,Smt. Dev (Moon Moon Sen)",TMC,All India Trinamool Congress,Bankura,West Bengal
"Vasava,Shri Mansukhbhai Dhanjibhai",BJP,Bharatiya Janata Party,Bharuch,Gujarat
"Vasava,Shri Parbhubhai Nagarbhai",BJP,Bharatiya Janata Party,Bardoli,Gujarat
"Velagapalli,Dr. Vara Prasadarao",YSRCP,Yuvajana Sramika Rythu Congress Party,Tirupati,Andhra Pradesh
"Venkatesh Babu,Shri T.G.",AIADMK,All India Anna Dravida Munnetra Kazhagam,Chennai,Tamil Nadu
"Venugopal,Shri K. C.",INC,Indian National Congress,Alappuzha,Kerala
"Venugopal,Dr. Ponnusamy",AIADMK,All India Anna Dravida Munnetra Kazhagam,Tiruvallur,Tamil Nadu
"Verma,Shri Anshul",BJP,Bharatiya Janata Party,Hardoi,Uttar Pradesh
"Verma,Shri Bhanu Pratap Singh",BJP,Bharatiya Janata Party,Jalaun,Uttar Pradesh
"Verma,Shri Rajesh",BJP,Bharatiya Janata Party,Sitapur,Uttar Pradesh
"Verma,Smt. Rekha Arun",BJP,Bharatiya Janata Party,Dhaurahra,Uttar Pradesh
"Vichare,Shri Rajan Baburao",Shiv Sena,Shiv Sena,Thane,Maharashtra
"Wanaga,Shri Chintaman Navsha",BJP,Bharatiya Janata Party,Palghar,Maharashtra
"Yadav,Shri Akshay",SP,Samajwadi Party,Firozabad,Uttar Pradesh
"Yadav,Shri Dharmendra",SP,Samajwadi Party,Badaun,Uttar Pradesh
"Yadav,Smt. Dimple",SP,Samajwadi Party,Kannauj,Uttar Pradesh
"Yadav,Shri Hukmdev Narayan",BJP,Bharatiya Janata Party,Madhubani,Bihar
"Yadav,Shri Jay Prakash Narayan",RJD,Rashtriya Janata Dal,Banka,Bihar
"Yadav,Shri Laxmi Narayan",BJP,Bharatiya Janata Party,Sagar,Madhya Pradesh
"Yadav,Shri Mulayam Singh",SP,Samajwadi Party,Azamgarh,Uttar Pradesh
"Yadav,Shri Om Prakash",BJP,Bharatiya Janata Party,Siwan,Bihar
"Yadav,Shri Ram Kripal",BJP,Bharatiya Janata Party,Pataliputra,Bihar
"Yadav,Shri Tejpratap Singh",SP,Samajwadi Party,Mainpuri,Uttar Pradesh
"Yeddyurappa,Shri B. S.",BJP,Bharatiya Janata Party,Shimoga,Karnataka
"Yellaiah,Shri Nandi",INC,Indian National Congress,Nagarkurnool,Telangana
"Yogi,Shri Chand Nath",BJP,Bharatiya Janata Party,Alwar,Rajasthan